Rango de edad;Confirmados;Hospitalizados;Fallecidos
0-9;404.0;140.0;1.0
10-19;594.0;122.0;2.0
20-29;3.9739999999999998;661.0;14.0
30-39;7.547999999999999;1.8530000000000002;35.0
40-49;13.046;4.862;113.0
50-59;16.805;8.033;406.0
60-69;16.714000000000002;10.142000000000001;1.084
70-79;17.067;12.044;2.9139999999999997
80-89;14.515;9.219;4.008
90 y +;4.542;2.241;1.392
