Rango de edad;Confirmados;Hospitalizados;Fallecidos
0-9;334.0;107.0;1.0
10-19;737.0;131.0;3.0
20-29;8.093;728.0;8.0
30-39;12.838;1.7309999999999999;22.0
40-49;18.611;3.455;70.0
50-59;21.987;5.5360000000000005;161.0
60-69;15.091;6.597;442.0
70-79;13.565;8.115;1.359
80-89;19.515;8.389;3.109
90 y +;11.392000000000001;3.458;2.104
